millis,stamp,datetime,motion
999, 3096771482, 2065/85/13 6:18:2, Inactive
1999, 3096771482, 2065/85/13 6:18:2, Inactive
2999, 3096771482, 2065/85/13 6:18:2, Inactive
3999, 3096771482, 2065/85/13 6:18:2, Inactive
4999, 3096771482, 2065/85/13 6:18:2, Inactive
5999, 3096771482, 2065/85/13 6:18:2, Inactive
6999, 3096771482, 2065/85/13 6:18:2, Inactive
7999, 3096771482, 2065/85/13 6:18:2, Inactive
8999, 3096771482, 2065/85/13 6:18:2, Inactive
9999, 3096771482, 2065/85/13 6:18:2, Inactive
10999, 3096771482, 2065/85/13 6:18:2, Inactive
11999, 3096771482, 2065/85/13 6:18:2, Inactive
12999, 3096771482, 2065/85/13 6:18:2, Inactive
13999, 3096771482, 2065/85/13 6:18:2, Inactive
14999, 3096771482, 2065/85/13 6:18:2, Inactive
16000, 3096771482, 2065/85/13 6:18:2, Inactive
16999, 3096771482, 2065/85/13 6:18:2, Inactive
17999, 3096771482, 2065/85/13 6:18:2, Inactive
18999, 3096771482, 2065/85/13 6:18:2, Active
19999, 3096771482, 2065/85/13 6:18:2, Active
20999, 3096771482, 2065/85/13 6:18:2, Active
21999, 3096771482, 2065/85/13 6:18:2, Active
22999, 3096771482, 2065/85/13 6:18:2, Active
23999, 3096771482, 2065/85/13 6:18:2, Active
24999, 3096771482, 2065/85/13 6:18:2, Active
25999, 3096771482, 2065/85/13 6:18:2, Active
26999, 3096771482, 2065/85/13 6:18:2, Active
27999, 3096771482, 2065/85/13 6:18:2, Active
28999, 3096771482, 2065/85/13 6:18:2, Active
29999, 3096771482, 2065/85/13 6:18:2, Active
30999, 3096771482, 2065/85/13 6:18:2, Active
32000, 3096771482, 2065/85/13 6:18:2, Active
32999, 3096771482, 2065/85/13 6:18:2, Active
33999, 3096771482, 2065/85/13 6:18:2, Active
34999, 3096771482, 2065/85/13 6:18:2, Active
35999, 3096771482, 2065/85/13 6:18:2, Active
36999, 3096771482, 2065/85/13 6:18:2, Active
37999, 3096771482, 2065/85/13 6:18:2, Active
38999, 3096771482, 2065/85/13 6:18:2, Active
39999, 3096771482, 2065/85/13 6:18:2, Active
40999, 3096771482, 2065/85/13 6:18:2, Active
41999, 3096771482, 2065/85/13 6:18:2, Active
42999, 3096771482, 2065/85/13 6:18:2, Active
43999, 3096771482, 2065/85/13 6:18:2, Active
44999, 3096771482, 2065/85/13 6:18:2, Active
46000, 3096771482, 2065/85/13 6:18:2, Active
46998, 3096771482, 2065/85/13 6:18:2, Active
48000, 3096771482, 2065/85/13 6:18:2, Active
48999, 3096771482, 2065/85/13 6:18:2, Active
49999, 3096771482, 2065/85/13 6:18:2, Active
50999, 3096771482, 2065/85/13 6:18:2, Inactive
51999, 3096771482, 2065/85/13 6:18:2, Inactive
52999, 3096771482, 2065/85/13 6:18:2, Inactive
53999, 3096771482, 2065/85/13 6:18:2, Inactive
54999, 3096771482, 2065/85/13 6:18:2, Inactive
55999, 3096771482, 2065/85/13 6:18:2, Inactive
56999, 3096771482, 2065/85/13 6:18:2, Inactive
57999, 3096771482, 2065/85/13 6:18:2, Inactive
58999, 3096771482, 2065/85/13 6:18:2, Inactive
59999, 3096771482, 2065/85/13 6:18:2, Inactive
60998, 3096771482, 2065/85/13 6:18:2, Active
62000, 3096771482, 2065/85/13 6:18:2, Active
62999, 3096771482, 2065/85/13 6:18:2, Active
64000, 3096771482, 2065/85/13 6:18:2, Active
64999, 3096771482, 2065/85/13 6:18:2, Active
65999, 3096771482, 2065/85/13 6:18:2, Active
66999, 3096771482, 2065/85/13 6:18:2, Active
67999, 3096771482, 2065/85/13 6:18:2, Active
68999, 3096771482, 2065/85/13 6:18:2, Active
69999, 3096771482, 2065/85/13 6:18:2, Active
70999, 3096771482, 2065/85/13 6:18:2, Active
71999, 3096771482, 2065/85/13 6:18:2, Active
72999, 3096771482, 2065/85/13 6:18:2, Active
73999, 3096771482, 2065/85/13 6:18:2, Active
74999, 3096771482, 2065/85/13 6:18:2, Active
75999, 3096771482, 2065/85/13 6:18:2, Active
76999, 3096771482, 2065/85/13 6:18:2, Active
77999, 3096771482, 2065/85/13 6:18:2, Active
78999, 3096771482, 2065/85/13 6:18:2, Active
80000, 3096771482, 2065/85/13 6:18:2, Inactive
80999, 3096771482, 2065/85/13 6:18:2, Inactive
81999, 3096771482, 2065/85/13 6:18:2, Inactive
82999, 3096771482, 2065/85/13 6:18:2, Inactive
83999, 3096771482, 2065/85/13 6:18:2, Inactive
84999, 3096771482, 2065/85/13 6:18:2, Inactive
85999, 3096771482, 2065/85/13 6:18:2, Inactive
86999, 3096771482, 2065/85/13 6:18:2, Inactive
87999, 3096771482, 2065/85/13 6:18:2, Inactive
88999, 3096771482, 2065/85/13 6:18:2, Inactive
89999, 3096771482, 2065/85/13 6:18:2, Inactive
90999, 3096771482, 2065/85/13 6:18:2, Inactive
91999, 3096771482, 2065/85/13 6:18:2, Inactive
92999, 3096771482, 2065/85/13 6:18:2, Inactive
94000, 3096771482, 2065/85/13 6:18:2, Inactive
94999, 3096771482, 2065/85/13 6:18:2, Inactive
95998, 3096771482, 2065/85/13 6:18:2, Inactive
96999, 3096771482, 2065/85/13 6:18:2, Inactive
97999, 3096771482, 2065/85/13 6:18:2, Inactive
98999, 3096771482, 2065/85/13 6:18:2, Inactive
99999, 3096771482, 2065/85/13 6:18:2, Inactive
100999, 3096771482, 2065/85/13 6:18:2, Inactive
101999, 3096771482, 2065/85/13 6:18:2, Inactive
102999, 3096771482, 2065/85/13 6:18:2, Inactive
103999, 3096771482, 2065/85/13 6:18:2, Inactive
104999, 3096771482, 2065/85/13 6:18:2, Inactive
105999, 3096771482, 2065/85/13 6:18:2, Inactive
106998, 3096771482, 2065/85/13 6:18:2, Inactive
107999, 3096771482, 2065/85/13 6:18:2, Inactive
108999, 3096771482, 2065/85/13 6:18:2, Inactive
109999, 3096771482, 2065/85/13 6:18:2, Inactive
110999, 3096771482, 2065/85/13 6:18:2, Inactive
112000, 3096771482, 2065/85/13 6:18:2, Inactive
112999, 3096771482, 2065/85/13 6:18:2, Inactive
113999, 3096771482, 2065/85/13 6:18:2, Inactive
114999, 3096771482, 2065/85/13 6:18:2, Inactive
115999, 3096771482, 2065/85/13 6:18:2, Inactive
116999, 3096771482, 2065/85/13 6:18:2, Inactive
117999, 3096771482, 2065/85/13 6:18:2, Inactive
118999, 3096771482, 2065/85/13 6:18:2, Inactive
119999, 3096771482, 2065/85/13 6:18:2, Inactive
120999, 3096771482, 2065/85/13 6:18:2, Inactive
121999, 3096771482, 2065/85/13 6:18:2, Inactive
122999, 3096771482, 2065/85/13 6:18:2, Inactive
123999, 3096771482, 2065/85/13 6:18:2, Inactive
124999, 3096771482, 2065/85/13 6:18:2, Inactive
126000, 3096771482, 2065/85/13 6:18:2, Inactive
126999, 3096771482, 2065/85/13 6:18:2, Inactive
128000, 3096771482, 2065/85/13 6:18:2, Inactive
128999, 3096771482, 2065/85/13 6:18:2, Inactive
129999, 3096771482, 2065/85/13 6:18:2, Inactive
130999, 3096771482, 2065/85/13 6:18:2, Inactive
131999, 3096771482, 2065/85/13 6:18:2, Inactive
132999, 3096771482, 2065/85/13 6:18:2, Inactive
133999, 3096771482, 2065/85/13 6:18:2, Inactive
134999, 3096771482, 2065/85/13 6:18:2, Active
135999, 3096771482, 2065/85/13 6:18:2, Active
136999, 3096771482, 2065/85/13 6:18:2, Active
137999, 3096771482, 2065/85/13 6:18:2, Active
138998, 3096771482, 2065/85/13 6:18:2, Active
139999, 3096771482, 2065/85/13 6:18:2, Active
140999, 3096771482, 2065/85/13 6:18:2, Active
142000, 3096771482, 2065/85/13 6:18:2, Active
142999, 3096771482, 2065/85/13 6:18:2, Active
144000, 3096771482, 2065/85/13 6:18:2, Active
144999, 3096771482, 2065/85/13 6:18:2, Inactive
145999, 3096771482, 2065/85/13 6:18:2, Inactive
146999, 3096771482, 2065/85/13 6:18:2, Inactive
147999, 3096771482, 2065/85/13 6:18:2, Inactive
148999, 3096771482, 2065/85/13 6:18:2, Active
149999, 3096771482, 2065/85/13 6:18:2, Active
150999, 3096771482, 2065/85/13 6:18:2, Active
151999, 3096771482, 2065/85/13 6:18:2, Active
152999, 3096771482, 2065/85/13 6:18:2, Active
153998, 3096771482, 2065/85/13 6:18:2, Active
154999, 3096771482, 2065/85/13 6:18:2, Active
155999, 3096771482, 2065/85/13 6:18:2, Active
156999, 3096771482, 2065/85/13 6:18:2, Active
158000, 3096771482, 2065/85/13 6:18:2, Inactive
158999, 3096771482, 2065/85/13 6:18:2, Inactive
160000, 3096771482, 2065/85/13 6:18:2, Inactive
160999, 3096771482, 2065/85/13 6:18:2, Inactive
161999, 3096771482, 2065/85/13 6:18:2, Inactive
163000, 3096771482, 2065/85/13 6:18:2, Inactive
163999, 3096771482, 2065/85/13 6:18:2, Inactive
164999, 3096771482, 2065/85/13 6:18:2, Inactive
165999, 3096771482, 2065/85/13 6:18:2, Inactive
166999, 3096771482, 2065/85/13 6:18:2, Inactive
167999, 3096771482, 2065/85/13 6:18:2, Inactive
168999, 3096771482, 2065/85/13 6:18:2, Inactive
169999, 3096771482, 2065/85/13 6:18:2, Inactive
170998, 3096771482, 2065/85/13 6:18:2, Inactive
171999, 3096771482, 2065/85/13 6:18:2, Inactive
172999, 3096771482, 2065/85/13 6:18:2, Inactive
174000, 3096771482, 2065/85/13 6:18:2, Inactive
174999, 3096771482, 2065/85/13 6:18:2, Inactive
176000, 3096771482, 2065/85/13 6:18:2, Inactive
176999, 3096771482, 2065/85/13 6:18:2, Inactive
177998, 3096771482, 2065/85/13 6:18:2, Inactive
178999, 3096771482, 2065/85/13 6:18:2, Inactive
179999, 3096771482, 2065/85/13 6:18:2, Inactive
180999, 3096771482, 2065/85/13 6:18:2, Inactive
181999, 3096771482, 2065/85/13 6:18:2, Inactive
182999, 3096771482, 2065/85/13 6:18:2, Inactive
183999, 3096771482, 2065/85/13 6:18:2, Inactive
184999, 3096771482, 2065/85/13 6:18:2, Inactive
185999, 3096771482, 2065/85/13 6:18:2, Inactive
186999, 3096771482, 2065/85/13 6:18:2, Inactive
187999, 3096771482, 2065/85/13 6:18:2, Inactive
188999, 3096771482, 2065/85/13 6:18:2, Inactive
190000, 3096771482, 2065/85/13 6:18:2, Inactive
190999, 3096771482, 2065/85/13 6:18:2, Inactive
192000, 3096771482, 2065/85/13 6:18:2, Inactive
192999, 3096771482, 2065/85/13 6:18:2, Inactive
193999, 3096771482, 2065/85/13 6:18:2, Inactive
194999, 3096771482, 2065/85/13 6:18:2, Inactive
195999, 3096771482, 2065/85/13 6:18:2, Inactive
196999, 3096771482, 2065/85/13 6:18:2, Inactive
197999, 3096771482, 2065/85/13 6:18:2, Inactive
198999, 3096771482, 2065/85/13 6:18:2, Inactive
199999, 3096771482, 2065/85/13 6:18:2, Active
200999, 3096771482, 2065/85/13 6:18:2, Active
201999, 3096771482, 2065/85/13 6:18:2, Active
202999, 3096771482, 2065/85/13 6:18:2, Active
203999, 3096771482, 2065/85/13 6:18:2, Active
204999, 3096771482, 2065/85/13 6:18:2, Active
206000, 3096771482, 2065/85/13 6:18:2, Active
206999, 3096771482, 2065/85/13 6:18:2, Active
208000, 3096771482, 2065/85/13 6:18:2, Active
209000, 3096771482, 2065/85/13 6:18:2, Active
209999, 3096771482, 2065/85/13 6:18:2, Active
210999, 3096771482, 2065/85/13 6:18:2, Active
211999, 3096771482, 2065/85/13 6:18:2, Active
212998, 3096771482, 2065/85/13 6:18:2, Active
213999, 3096771482, 2065/85/13 6:18:2, Active
214999, 3096771482, 2065/85/13 6:18:2, Active
215999, 3096771482, 2065/85/13 6:18:2, Active
216999, 3096771482, 2065/85/13 6:18:2, Active
217999, 3096771482, 2065/85/13 6:18:2, Active
218999, 3096771482, 2065/85/13 6:18:2, Active
219999, 3096771482, 2065/85/13 6:18:2, Active
220999, 3096771482, 2065/85/13 6:18:2, Active
222000, 3096771482, 2065/85/13 6:18:2, Active
222999, 3096771482, 2065/85/13 6:18:2, Active
224000, 3096771482, 2065/85/13 6:18:2, Active
224999, 3096771482, 2065/85/13 6:18:2, Inactive
225999, 3096771482, 2065/85/13 6:18:2, Inactive
226999, 3096771482, 2065/85/13 6:18:2, Inactive
227999, 3096771482, 2065/85/13 6:18:2, Inactive
228999, 3096771482, 2065/85/13 6:18:2, Inactive
229999, 3096771482, 2065/85/13 6:18:2, Inactive
231000, 3096771482, 2065/85/13 6:18:2, Inactive
231999, 3096771482, 2065/85/13 6:18:2, Inactive
232999, 3096771482, 2065/85/13 6:18:2, Inactive
233999, 3096771482, 2065/85/13 6:18:2, Inactive
234999, 3096771482, 2065/85/13 6:18:2, Inactive
235999, 3096771482, 2065/85/13 6:18:2, Inactive
236999, 3096771482, 2065/85/13 6:18:2, Inactive
238000, 3096771482, 2065/85/13 6:18:2, Inactive
238999, 3096771482, 2065/85/13 6:18:2, Inactive
240000, 3096771482, 2065/85/13 6:18:2, Inactive
241000, 3096771482, 2065/85/13 6:18:2, Inactive
241999, 3096771482, 2065/85/13 6:18:2, Inactive
242999, 3096771482, 2065/85/13 6:18:2, Active
243999, 3096771482, 2065/85/13 6:18:2, Active
244999, 3096771482, 2065/85/13 6:18:2, Active
245999, 3096771482, 2065/85/13 6:18:2, Active
246999, 3096771482, 2065/85/13 6:18:2, Active
247999, 3096771482, 2065/85/13 6:18:2, Active
248999, 3096771482, 2065/85/13 6:18:2, Active
249999, 3096771482, 2065/85/13 6:18:2, Inactive
250999, 3096771482, 2065/85/13 6:18:2, Inactive
251999, 3096771482, 2065/85/13 6:18:2, Inactive
252999, 3096771482, 2065/85/13 6:18:2, Inactive
254000, 3096771482, 2065/85/13 6:18:2, Inactive
254999, 3096771482, 2065/85/13 6:18:2, Inactive
256000, 3096771482, 2065/85/13 6:18:2, Inactive
256999, 3096771482, 2065/85/13 6:18:2, Inactive
258000, 3096771482, 2065/85/13 6:18:2, Inactive
258999, 3096771482, 2065/85/13 6:18:2, Inactive
259999, 3096771482, 2065/85/13 6:18:2, Inactive
260999, 3096771482, 2065/85/13 6:18:2, Inactive
261999, 3096771482, 2065/85/13 6:18:2, Inactive
262999, 3096771482, 2065/85/13 6:18:2, Inactive
263999, 3096771482, 2065/85/13 6:18:2, Inactive
264999, 3096771482, 2065/85/13 6:18:2, Inactive
266000, 3096771482, 2065/85/13 6:18:2, Inactive
266999, 3096771482, 2065/85/13 6:18:2, Inactive
267999, 3096771482, 2065/85/13 6:18:2, Inactive
268999, 3096771482, 2065/85/13 6:18:2, Inactive
270000, 3096771482, 2065/85/13 6:18:2, Inactive
270999, 3096771482, 2065/85/13 6:18:2, Inactive
272000, 3096771482, 2065/85/13 6:18:2, Inactive
272999, 3096771482, 2065/85/13 6:18:2, Inactive
273999, 3096771482, 2065/85/13 6:18:2, Inactive
274999, 3096771482, 2065/85/13 6:18:2, Inactive
275999, 3096771482, 2065/85/13 6:18:2, Active
276999, 3096771482, 2065/85/13 6:18:2, Active
277999, 3096771482, 2065/85/13 6:18:2, Active
278999, 3096771482, 2065/85/13 6:18:2, Active
279998, 3096771482, 2065/85/13 6:18:2, Active
280999, 3096771482, 2065/85/13 6:18:2, Active
281999, 3096771482, 2065/85/13 6:18:2, Active
282999, 3096771482, 2065/85/13 6:18:2, Active
283999, 3096771482, 2065/85/13 6:18:2, Active
284999, 3096771482, 2065/85/13 6:18:2, Active
285999, 3096771482, 2065/85/13 6:18:2, Active
286999, 3096771482, 2065/85/13 6:18:2, Active
288000, 3096771482, 2065/85/13 6:18:2, Active
288999, 3096771482, 2065/85/13 6:18:2, Active
289999, 3096771482, 2065/85/13 6:18:2, Active
290999, 3096771482, 2065/85/13 6:18:2, Active
291999, 3096771482, 2065/85/13 6:18:2, Active
292999, 3096771482, 2065/85/13 6:18:2, Active
293999, 3096771482, 2065/85/13 6:18:2, Active
294999, 3096771482, 2065/85/13 6:18:2, Active
296000, 3096771482, 2065/85/13 6:18:2, Active
296999, 3096771482, 2065/85/13 6:18:2, Active
297999, 3096771482, 2065/85/13 6:18:2, Inactive
298999, 3096771482, 2065/85/13 6:18:2, Inactive
299999, 3096771482, 2065/85/13 6:18:2, Inactive
300999, 3096771482, 2065/85/13 6:18:2, Inactive
302000, 3096771482, 2065/85/13 6:18:2, Inactive
302999, 3096771482, 2065/85/13 6:18:2, Inactive
304000, 3096771482, 2065/85/13 6:18:2, Inactive
304999, 3096771482, 2065/85/13 6:18:2, Inactive
305999, 3096771482, 2065/85/13 6:18:2, Inactive
306999, 3096771482, 2065/85/13 6:18:2, Inactive
307999, 3096771482, 2065/85/13 6:18:2, Inactive
309000, 3096771482, 2065/85/13 6:18:2, Inactive
309999, 3096771482, 2065/85/13 6:18:2, Active
